# photocraft 0.2.0 command index (id, label, menu, shortcut)
# Generated from `photocraft-cli commands`; call the list tool for parameters and what is enabled now.

file.new	New…	File	Cmd+N
file.close	Close	File	Cmd+W
edit.undo	Undo	Edit	Cmd+Z
edit.redo	Redo	Edit	Cmd+Shift+Z
edit.fill	Fill…	Edit	Shift+F5
edit.clear	Clear	Edit	Delete
select.all	All	Select	Cmd+A
select.deselect	Deselect	Select	Cmd+D
select.inverse	Inverse	Select	Cmd+Shift+I
select.rect	Rectangular Selection		
layer.new.layer	Layer…	Layer > New	Cmd+Shift+N
layer.new.group	Group…	Layer > New	
layer.groupLayers	Group Layers	Layer	Cmd+G
layer.duplicate	Duplicate Layer…	Layer	
layer.delete	Delete Layer	Layer > Delete	
layer.select	Select Layer		
layer.setProps	Layer Properties		
layer.arrange.bringForward	Bring Forward	Layer > Arrange	Cmd+]
layer.arrange.sendBackward	Send Backward	Layer > Arrange	Cmd+[
layer.arrange.bringToFront	Bring to Front	Layer > Arrange	Cmd+Shift+]
layer.arrange.sendToBack	Send to Back	Layer > Arrange	Cmd+Shift+[
layer.createClippingMask	Create Clipping Mask	Layer	Cmd+Alt+G
layer.releaseClippingMask	Release Clipping Mask	Layer	
layer.layerMask.revealAll	Reveal All	Layer > Layer Mask	
layer.layerMask.hideAll	Hide All	Layer > Layer Mask	
layer.layerMask.revealSelection	Reveal Selection	Layer > Layer Mask	
layer.layerMask.delete	Delete	Layer > Layer Mask	
layer.mergeDown	Merge Down	Layer	
layer.flattenImage	Flatten Image	Layer	
layer.newFillLayer.solidColor	Solid Color…	Layer > New Fill Layer	
layer.newFillLayer.gradient	Gradient…	Layer > New Fill Layer	
layer.setAdjustment	Adjustment Properties		
layer.moveTo	Reorder Layer		
layer.translate	Move Layer		
image.imageRotation.flipCanvasHorizontal	Flip Canvas Horizontal	Image > Image Rotation	
image.imageRotation.flipCanvasVertical	Flip Canvas Vertical	Image > Image Rotation	
image.imageRotation.180	180°	Image > Image Rotation	
image.imageRotation.90cw	90° Clockwise	Image > Image Rotation	
image.imageRotation.90ccw	90° Counter Clockwise	Image > Image Rotation	
image.adjustments.desaturate	Desaturate	Image > Adjustments	Cmd+Shift+U
paint.stroke	Brush Stroke		
tools.setColors	Set Colors		
tools.swapColors	Switch Foreground and Background Colors		X
tools.defaultColors	Default Foreground and Background Colors		D
session.inspect	Inspect Session		
document.inspect	Inspect Document		
document.activate	Activate Document		
command.list	List Commands		
document.pixel	Read Composite Pixel		
layer.newAdjustmentLayer.brightnessContrast	Brightness/Contrast…	Layer > New Adjustment Layer	
image.adjustments.brightnessContrast	Brightness/Contrast…	Image > Adjustments	
layer.newAdjustmentLayer.levels	Levels…	Layer > New Adjustment Layer	
image.adjustments.levels	Levels…	Image > Adjustments	Cmd+L
layer.newAdjustmentLayer.curves	Curves…	Layer > New Adjustment Layer	
image.adjustments.curves	Curves…	Image > Adjustments	Cmd+M
layer.newAdjustmentLayer.exposure	Exposure…	Layer > New Adjustment Layer	
image.adjustments.exposure	Exposure…	Image > Adjustments	
layer.newAdjustmentLayer.vibrance	Vibrance…	Layer > New Adjustment Layer	
image.adjustments.vibrance	Vibrance…	Image > Adjustments	
layer.newAdjustmentLayer.hueSaturation	Hue/Saturation…	Layer > New Adjustment Layer	
image.adjustments.hueSaturation	Hue/Saturation…	Image > Adjustments	Cmd+U
layer.newAdjustmentLayer.colorBalance	Color Balance…	Layer > New Adjustment Layer	
image.adjustments.colorBalance	Color Balance…	Image > Adjustments	Cmd+B
layer.newAdjustmentLayer.blackWhite	Black & White…	Layer > New Adjustment Layer	
image.adjustments.blackWhite	Black & White…	Image > Adjustments	Cmd+Alt+Shift+B
layer.newAdjustmentLayer.photoFilter	Photo Filter…	Layer > New Adjustment Layer	
image.adjustments.photoFilter	Photo Filter…	Image > Adjustments	
layer.newAdjustmentLayer.channelMixer	Channel Mixer…	Layer > New Adjustment Layer	
image.adjustments.channelMixer	Channel Mixer…	Image > Adjustments	
layer.newAdjustmentLayer.invert	Invert	Layer > New Adjustment Layer	
image.adjustments.invert	Invert	Image > Adjustments	Cmd+I
layer.newAdjustmentLayer.posterize	Posterize…	Layer > New Adjustment Layer	
image.adjustments.posterize	Posterize…	Image > Adjustments	
layer.newAdjustmentLayer.threshold	Threshold…	Layer > New Adjustment Layer	
image.adjustments.threshold	Threshold…	Image > Adjustments	
layer.newAdjustmentLayer.gradientMap	Gradient Map…	Layer > New Adjustment Layer	
image.adjustments.gradientMap	Gradient Map…	Image > Adjustments	
layer.newAdjustmentLayer.selectiveColor	Selective Color…	Layer > New Adjustment Layer	
image.adjustments.selectiveColor	Selective Color…	Image > Adjustments	
layer.newAdjustmentLayer.colorLookup	Color Lookup…	Layer > New Adjustment Layer	
image.adjustments.colorLookup	Color Lookup…	Image > Adjustments	
layer.layerStyle.dropShadow	Drop Shadow…	Layer > Layer Style	
layer.layerStyle.innerShadow	Inner Shadow…	Layer > Layer Style	
layer.layerStyle.outerGlow	Outer Glow…	Layer > Layer Style	
layer.layerStyle.innerGlow	Inner Glow…	Layer > Layer Style	
layer.layerStyle.stroke	Stroke…	Layer > Layer Style	
layer.layerStyle.colorOverlay	Color Overlay…	Layer > Layer Style	
layer.layerStyle.gradientOverlay	Gradient Overlay…	Layer > Layer Style	
layer.layerStyle.patternOverlay	Pattern Overlay…	Layer > Layer Style	
layer.layerStyle.bevelEmboss	Bevel & Emboss…	Layer > Layer Style	
layer.layerStyle.satin	Satin…	Layer > Layer Style	
layer.layerStyle.clear	Clear Layer Style	Layer > Layer Style	
filter.blur.gaussianBlur	Gaussian Blur…	Filter > Blur	
filter.blur.blur	Blur	Filter > Blur	
filter.blur.blurMore	Blur More	Filter > Blur	
filter.sharpen.sharpen	Sharpen	Filter > Sharpen	
filter.sharpen.sharpenMore	Sharpen More	Filter > Sharpen	
filter.sharpen.sharpenEdges	Sharpen Edges	Filter > Sharpen	
filter.noise.despeckle	Despeckle	Filter > Noise	
filter.blur.boxBlur	Box Blur…	Filter > Blur	
filter.blur.motionBlur	Motion Blur…	Filter > Blur	
filter.blur.radialBlur	Radial Blur…	Filter > Blur	
filter.blur.surfaceBlur	Surface Blur…	Filter > Blur	
filter.sharpen.unsharpMask	Unsharp Mask…	Filter > Sharpen	
filter.sharpen.smartSharpen	Smart Sharpen…	Filter > Sharpen	
filter.noise.addNoise	Add Noise…	Filter > Noise	
filter.noise.median	Median…	Filter > Noise	
filter.noise.dustAndScratches	Dust & Scratches…	Filter > Noise	
filter.pixelate.mosaic	Mosaic…	Filter > Pixelate	
filter.stylize.emboss	Emboss…	Filter > Stylize	
filter.stylize.findEdges	Find Edges	Filter > Stylize	
filter.stylize.solarize	Solarize	Filter > Stylize	
filter.distort.twirl	Twirl…	Filter > Distort	
filter.distort.pinch	Pinch…	Filter > Distort	
filter.distort.spherize	Spherize…	Filter > Distort	
filter.distort.wave	Wave…	Filter > Distort	
filter.distort.ripple	Ripple…	Filter > Distort	
filter.distort.polarCoordinates	Polar Coordinates…	Filter > Distort	
filter.other.highPass	High Pass…	Filter > Other	
filter.other.minimum	Minimum…	Filter > Other	
filter.other.maximum	Maximum…	Filter > Other	
filter.other.offset	Offset…	Filter > Other	
filter.lastFilter	Last Filter	Filter	Cmd+Alt+F
filter.pixelate.colorHalftone	Color Halftone…	Filter > Pixelate	
filter.pixelate.crystallize	Crystallize…	Filter > Pixelate	
filter.pixelate.facet	Facet	Filter > Pixelate	
filter.pixelate.fragment	Fragment	Filter > Pixelate	
filter.pixelate.mezzotint	Mezzotint…	Filter > Pixelate	
filter.pixelate.pointillize	Pointillize…	Filter > Pixelate	
filter.stylize.diffuse	Diffuse…	Filter > Stylize	
filter.stylize.extrude	Extrude…	Filter > Stylize	
filter.stylize.oilPaint	Oil Paint…	Filter > Stylize	
filter.stylize.tiles	Tiles…	Filter > Stylize	
filter.stylize.traceContour	Trace Contour…	Filter > Stylize	
filter.stylize.wind	Wind…	Filter > Stylize	
filter.distort.displace	Displace…	Filter > Distort	
filter.distort.shear	Shear…	Filter > Distort	
filter.distort.zigZag	ZigZag…	Filter > Distort	
filter.render.fibers	Fibers…	Filter > Render	
filter.render.lensFlare	Lens Flare…	Filter > Render	
filter.render.lightingEffects	Lighting Effects…	Filter > Render	
filter.noise.reduceNoise	Reduce Noise…	Filter > Noise	
filter.blur.smartBlur	Smart Blur…	Filter > Blur	
filter.blur.lensBlur	Lens Blur…	Filter > Blur	
filter.blur.shapeBlur	Shape Blur…	Filter > Blur	
filter.blurGallery.tiltShift	Tilt-Shift…	Filter > Blur Gallery	
filter.blurGallery.irisBlur	Iris Blur…	Filter > Blur Gallery	
filter.blurGallery.fieldBlur	Field Blur…	Filter > Blur Gallery	
filter.blurGallery.spinBlur	Spin Blur…	Filter > Blur Gallery	
filter.blurGallery.pathBlur	Path Blur…	Filter > Blur Gallery	
filter.other.custom	Custom…	Filter > Other	
filter.other.hsbHsl	HSB/HSL	Filter > Other	
filter.video.deInterlace	De-Interlace…	Filter > Video	
filter.video.ntscColors	NTSC Colors	Filter > Video	
filter.filterGallery	Filter Gallery…	Filter	
filter.gallery.coloredPencil	Colored Pencil		
filter.gallery.cutout	Cutout		
filter.gallery.dryBrush	Dry Brush		
filter.gallery.filmGrain	Film Grain		
filter.gallery.fresco	Fresco		
filter.gallery.neonGlow	Neon Glow		
filter.gallery.paintDaubs	Paint Daubs		
filter.gallery.paletteKnife	Palette Knife		
filter.gallery.plasticWrap	Plastic Wrap		
filter.gallery.posterEdges	Poster Edges		
filter.gallery.roughPastels	Rough Pastels		
filter.gallery.smudgeStick	Smudge Stick		
filter.gallery.sponge	Sponge		
filter.gallery.underpainting	Underpainting		
filter.gallery.watercolor	Watercolor		
filter.gallery.accentedEdges	Accented Edges		
filter.gallery.angledStrokes	Angled Strokes		
filter.gallery.crosshatch	Crosshatch		
filter.gallery.darkStrokes	Dark Strokes		
filter.gallery.inkOutlines	Ink Outlines		
filter.gallery.spatter	Spatter		
filter.gallery.sprayedStrokes	Sprayed Strokes		
filter.gallery.sumiE	Sumi-e		
filter.gallery.diffuseGlow	Diffuse Glow		
filter.gallery.glass	Glass		
filter.gallery.oceanRipple	Ocean Ripple		
filter.gallery.basRelief	Bas Relief		
filter.gallery.chalkCharcoal	Chalk & Charcoal		
filter.gallery.charcoal	Charcoal		
filter.gallery.chrome	Chrome		
filter.gallery.conteCrayon	Conté Crayon		
filter.gallery.graphicPen	Graphic Pen		
filter.gallery.halftonePattern	Halftone Pattern		
filter.gallery.notePaper	Note Paper		
filter.gallery.photocopy	Photocopy		
filter.gallery.plaster	Plaster		
filter.gallery.reticulation	Reticulation		
filter.gallery.stamp	Stamp		
filter.gallery.tornEdges	Torn Edges		
filter.gallery.waterPaper	Water Paper		
filter.gallery.glowingEdges	Glowing Edges		
filter.gallery.craquelure	Craquelure		
filter.gallery.grain	Grain		
filter.gallery.mosaicTiles	Mosaic Tiles		
filter.gallery.patchwork	Patchwork		
filter.gallery.stainedGlass	Stained Glass		
filter.gallery.texturizer	Texturizer		
type.create	New Type Layer	Layer > New	
type.edit	Edit Type		
type.setStyle	Set Type Style		
type.rasterize	Rasterize Type	Layer > Rasterize	
type.info	Type Layer Info		
type.fonts	List Fonts		
edit.transform	Free Transform		
shape.create	New Shape Layer	Layer > New	
shape.edit	Edit Shape		
shape.info	Shape Layer Info		
shape.rasterize	Rasterize Shape	Layer > Rasterize	
path.list	List Paths		
path.info	Path Info		
path.set	Set Path		
path.delete	Delete Path		
path.rename	Rename Path		
path.toSelection	Make Selection from Path		
select.toWorkPath	Make Work Path		
path.fill	Fill Path		
path.stroke	Stroke Path		
layer.vectorMask.add	Add Vector Mask	Layer > Vector Mask	
layer.vectorMask.fromPath	Vector Mask from Current Path	Layer > Vector Mask	
layer.vectorMask.edit	Edit Vector Mask		
layer.vectorMask.delete	Delete Vector Mask	Layer > Vector Mask	
layer.rasterize.vectorMask	Rasterize Vector Mask		
layer.vectorMask.revealAll	Vector Mask: Reveal All		
layer.vectorMask.hideAll	Vector Mask: Hide All		
layer.vectorMask.currentPath	Vector Mask: Current Path		
layer.vectorMask.enabled	Enable Vector Mask		
layer.vectorMask.linked	Link Vector Mask		
layer.rasterize.shape	Rasterize Shape		
layer.combineShapes.unite	Unite Shapes		
layer.combineShapes.subtractFrontShape	Subtract Front Shape		
layer.combineShapes.intersectShapeAreas	Intersect Shape Areas		
layer.combineShapes.excludeOverlappingShapes	Exclude Overlapping Shapes		
layer.combineShapes.mergeShapeComponents	Merge Shape Components		
select.convertToShape	Convert Selection to Shape		
layer.vectorMask.info	Vector Mask Info		
select.quick	Quick Selection		
select.object	Object Selection		
select.subject	Subject	Select	
select.refineEdge	Refine Edge		
select.focusArea	Focus Area…	Select	
edit.cut	Cut	Edit	Cmd+X
edit.copy	Copy	Edit	Cmd+C
edit.copyMerged	Copy Merged	Edit	Cmd+Shift+C
edit.paste	Paste	Edit	Cmd+V
edit.pasteSpecial.pasteInPlace	Paste in Place	Edit > Paste Special	Cmd+Shift+V
layer.new.layerViaCopy	Layer via Copy	Layer > New	Cmd+J
layer.new.layerViaCut	Layer via Cut	Layer > New	Cmd+Shift+J
layer.mergeVisible	Merge Visible	Layer	Cmd+Shift+E
image.autoTone	Auto Tone	Image	Cmd+Shift+L
image.autoContrast	Auto Contrast	Image	Cmd+Alt+Shift+L
image.autoColor	Auto Color	Image	Cmd+Shift+B
edit.toggleLastState	Toggle Last State	Edit	Cmd+Alt+Z
edit.transform.again	Again	Edit > Transform	Cmd+Shift+T
view.newGuide	New Guide…	View	
view.moveGuide	Move Guide		
view.deleteGuide	Delete Guide		
view.clearGuides	Clear Guides	View	
edit.assignProfile	Assign Profile…	Edit	
edit.convertToProfile	Convert to Profile…	Edit	
edit.colorSettings	Color Settings…	Edit	Cmd+Shift+K
color.profileMismatch	Embedded Profile Mismatch		
edit.profileInfo	Profile Info		
view.proofSetup	Proof Setup…		
view.proofColors	Proof Colors	View	Cmd+Y
view.gamutWarning	Gamut Warning	View	Cmd+Shift+Y
paint.pencil	Pencil		
paint.mixerBrush	Mixer Brush		
paint.colorReplacement	Color Replacement		
brush.presets.list	List Brush Presets		
brush.presets.save	Save Brush Preset		
brush.presets.delete	Delete Brush Preset		
brush.defineFromSelection	Define Brush Preset…		
brush.get	Get Brush		
tools.setBrush	Set Brush		
paint.magicEraser	Magic Eraser		
paint.backgroundEraser	Background Eraser		
brush.presets.importAbr	Import Brushes…		
gradient.presets.importGrd	Import Gradients…		
paint.cloneStamp	Clone Stamp		
paint.healingBrush	Healing Brush		
paint.spotHealing	Spot Healing Brush		
paint.dodge	Dodge		
paint.burn	Burn		
paint.sponge	Sponge		
paint.blur	Blur		
paint.sharpen	Sharpen		
paint.smudge	Smudge		
paint.historyBrush	History Brush		
image.imageSize	Image Size…	Image	
image.canvasSize	Canvas Size…	Image	
image.crop	Crop	Image	
image.trim	Trim…	Image	
image.mode.rgb	RGB Color	Image > Mode	
image.mode.grayscale	Grayscale	Image > Mode	
image.mode.cmyk	CMYK Color	Image > Mode	
image.mode.lab	Lab Color	Image > Mode	
image.mode.bits8	8 Bits/Channel	Image > Mode	
image.mode.bits16	16 Bits/Channel	Image > Mode	
image.mode.bits32	32 Bits/Channel	Image > Mode	
image.duplicate	Duplicate…	Image	
select.magicWand	Magic Wand		
select.colorRange	Color Range…	Select	
select.modify.border	Border…	Select > Modify	
select.modify.smooth	Smooth…	Select > Modify	
select.modify.expand	Expand…	Select > Modify	
select.modify.contract	Contract…	Select > Modify	
select.modify.feather	Feather…	Select > Modify	
select.grow	Grow	Select	
select.similar	Similar	Select	
select.lasso	Lasso		
select.sky	Sky	Select	
select.isolateLayers	Isolate Layers	Select	
select.transformSelection	Transform Selection	Select	
paint.bucket	Paint Bucket		
paint.gradient	Gradient		
edit.stroke	Stroke…	Edit	
edit.transform.rotate180	Rotate 180°	Edit > Transform	
edit.transform.rotate90Cw	Rotate 90° Clockwise	Edit > Transform	
edit.transform.rotate90Ccw	Rotate 90° Counter Clockwise	Edit > Transform	
edit.transform.flipHorizontal	Flip Horizontal	Edit > Transform	
edit.transform.flipVertical	Flip Vertical	Edit > Transform	
edit.pasteSpecial.pasteInto	Paste Into	Edit > Paste Special	Cmd+Alt+Shift+V
edit.pasteSpecial.pasteOutside	Paste Outside	Edit > Paste Special	
select.reselect	Reselect	Select	Cmd+Shift+D
image.adjustments.equalize	Equalize	Image > Adjustments	
image.revealAll	Reveal All	Image	
layer.new.layerFromBackground	Layer From Background…	Layer > New	
layer.layerStyle.copyLayerStyle	Copy Layer Style	Layer > Layer Style	
layer.layerStyle.pasteLayerStyle	Paste Layer Style	Layer > Layer Style	
layer.layerStyle.hideAllEffects	Hide All Effects	Layer > Layer Style	
layer.layerStyle.showAllEffects	Show All Effects		
layer.layerMask.enabled	Disable Layer Mask	Layer > Layer Mask	
layer.layerMask.linked	Unlink Layer Mask	Layer > Layer Mask	
layer.rasterize.layer	Layer	Layer > Rasterize	
layer.rasterize.allLayers	All Layers	Layer > Rasterize	
layer.rasterize.type	Type	Layer > Rasterize	
layer.rasterize.fillContent	Fill Content	Layer > Rasterize	
layer.rasterize.smartObject	Smart Object	Layer > Rasterize	
layer.delete.hiddenLayers	Hidden Layers	Layer > Delete	
file.scripts.deleteAllEmptyLayers	Delete All Empty Layers	File > Scripts	
layer.ungroupLayers	Ungroup Layers	Layer	Cmd+Shift+G
layer.hideLayers	Hide Layers	Layer	Cmd+,
layer.showLayers	Show Layers		
filter.blur.average	Average	Filter > Blur	
filter.render.clouds	Clouds	Filter > Render	
filter.render.differenceClouds	Difference Clouds	Filter > Render	
file.closeAll	Close All	File	Cmd+Alt+W
file.closeOthers	Close Others	File	Cmd+Alt+P
file.revert	Revert	File	F12
file.saveACopy	Save a Copy…	File	Cmd+Alt+S
file.openAs	Open As…	File	Cmd+Alt+Shift+O
file.placeEmbedded	Place Embedded…	File	
file.placeLinked	Place Linked…	File	
file.fileInfo	File Info…	File	Cmd+Alt+Shift+I
file.automate.fitImage	Fit Image…	File > Automate	
file.automate.conditionalModeChange	Conditional Mode Change…	File > Automate	
file.automate.batch	Batch…	File > Automate	
file.scripts.imageProcessor	Image Processor…	File > Scripts	
file.scripts.loadFilesIntoStack	Load Files into Stack…	File > Scripts	
file.scripts.flattenAllLayerEffects	Flatten All Layer Effects	File > Scripts	
file.scripts.flattenAllMasks	Flatten All Masks	File > Scripts	
file.export.layersToFiles	Layers to Files…	File > Export	
file.export.colorLookupTables	Color Lookup Tables…	File > Export	
view.newGuideLayout	New Guide Layout…	View	
view.newGuidesFromShape	New Guides From Shape	View	
view.clearCanvasGuides	Clear Canvas Guides	View	
type.antiAlias.none	None	Type > Anti-Alias	
type.antiAlias.sharp	Sharp	Type > Anti-Alias	
type.antiAlias.crisp	Crisp	Type > Anti-Alias	
type.antiAlias.strong	Strong	Type > Anti-Alias	
type.antiAlias.smooth	Smooth	Type > Anti-Alias	
type.antiAlias.windowsLcd	Windows LCD	Type > Anti-Alias	
type.antiAlias.windows	Windows	Type > Anti-Alias	
type.orientation.horizontal	Horizontal	Type > Orientation	
type.orientation.vertical	Vertical	Type > Orientation	
type.openType.standardLigatures	Standard Ligatures	Type > OpenType	
type.openType.contextualAlternates	Contextual Alternates	Type > OpenType	
type.openType.discretionaryLigatures	Discretionary Ligatures	Type > OpenType	
type.openType.swash	Swash	Type > OpenType	
type.openType.oldstyle	Oldstyle	Type > OpenType	
type.openType.stylisticAlternates	Stylistic Alternates	Type > OpenType	
type.openType.titlingAlternates	Titling Alternates	Type > OpenType	
type.openType.ornaments	Ornaments	Type > OpenType	
type.openType.ordinals	Ordinals	Type > OpenType	
type.openType.fractions	Fractions	Type > OpenType	
type.createWorkPath	Create Work Path	Type	
type.convertToShape	Convert to Shape	Type	
type.rasterizeTypeLayer	Rasterize Type Layer	Type	
type.convertToParagraphText	Convert to Paragraph Text	Type	
type.convertToPointText	Convert to Point Text	Type	
type.warpText	Warp Text…	Type	
type.updateAllTextLayers	Update All Text Layers	Type	
type.replaceAllMissingFonts	Replace All Missing Fonts	Type	
type.resolveMissingFonts	Resolve Missing Fonts…	Type	
type.pasteLoremIpsum	Paste Lorem Ipsum	Type	
type.saveDefaultTypeStyles	Save Default Type Styles	Type	
type.loadDefaultTypeStyles	Load Default Type Styles	Type	
type.characterStyle.new	New Character Style		
type.characterStyle.duplicate	Duplicate Style		
type.characterStyle.delete	Delete Style		
type.characterStyle.rename	Rename Style		
type.characterStyle.set	Character Style Options		
type.characterStyle.apply	Apply Character Style		
type.characterStyle.redefine	Redefine Character Style		
type.characterStyle.clearOverride	Clear Override		
type.characterStyle.list	List Character Styles		
type.paragraphStyle.new	New Paragraph Style		
type.paragraphStyle.duplicate	Duplicate Style		
type.paragraphStyle.delete	Delete Style		
type.paragraphStyle.rename	Rename Style		
type.paragraphStyle.set	Paragraph Style Options		
type.paragraphStyle.apply	Apply Paragraph Style		
type.paragraphStyle.redefine	Redefine Paragraph Style		
type.paragraphStyle.clearOverride	Clear Override		
type.paragraphStyle.list	List Paragraph Styles		
edit.checkSpelling	Check Spelling…	Edit	
type.insertText	Insert Glyph		
layer.smartObjects.convertToSmartObject	Convert to Smart Object	Layer > Smart Objects	
filter.convertForSmartFilters	Convert for Smart Filters	Filter	
layer.smartObjects.newSmartObjectViaCopy	New Smart Object via Copy	Layer > Smart Objects	
layer.smartObjects.rasterize	Rasterize	Layer > Smart Objects	
layer.smartObjects.editContents	Edit Contents	Layer > Smart Objects	
layer.smartObjects.saveContents	Save Contents		
layer.smartObjects.replaceContents	Replace Contents…	Layer > Smart Objects	
layer.smartObjects.exportContents	Export Contents…	Layer > Smart Objects	
layer.smartObjects.relinkToFile	Relink to File…	Layer > Smart Objects	
layer.smartObjects.updateModifiedContent	Update Modified Content	Layer > Smart Objects	
layer.smartObjects.updateAllModifiedContent	Update All Modified Content	Layer > Smart Objects	
layer.smartObjects.convertToEmbedded	Convert to Embedded	Layer > Smart Objects	
layer.smartObjects.convertToLinked	Convert to Linked…	Layer > Smart Objects	
layer.smartFilter.disableSmartFilters	Disable Smart Filters	Layer > Smart Filter	
layer.smartFilter.deleteFilterMask	Delete Filter Mask	Layer > Smart Filter	
layer.smartFilter.disableFilterMask	Disable Filter Mask	Layer > Smart Filter	
layer.smartFilter.blendingOptions	Blending Options…	Layer > Smart Filter	
layer.smartFilter.clearSmartFilters	Clear Smart Filters	Layer > Smart Filter	
layer.smartFilter.setVisible	Show/Hide Smart Filter		
layer.smartFilter.setParams	Edit Smart Filter		
layer.smartFilter.delete	Delete Smart Filter		
layer.smartFilter.move	Move Smart Filter		
select.allLayers	All Layers	Select	Cmd+Alt+A
select.deselectLayers	Deselect Layers	Select	
select.findLayers	Find Layers	Select	Cmd+Alt+Shift+F
layer.selectLinkedLayers	Select Linked Layers	Layer	
layer.align.topEdges	Top Edges	Layer > Align	
layer.align.verticalCenters	Vertical Centers	Layer > Align	
layer.align.bottomEdges	Bottom Edges	Layer > Align	
layer.align.leftEdges	Left Edges	Layer > Align	
layer.align.horizontalCenters	Horizontal Centers	Layer > Align	
layer.align.rightEdges	Right Edges	Layer > Align	
layer.distribute.topEdges	Top Edges	Layer > Distribute	
layer.distribute.verticalCenters	Vertical Centers	Layer > Distribute	
layer.distribute.bottomEdges	Bottom Edges	Layer > Distribute	
layer.distribute.leftEdges	Left Edges	Layer > Distribute	
layer.distribute.horizontalCenters	Horizontal Centers	Layer > Distribute	
layer.distribute.rightEdges	Right Edges	Layer > Distribute	
layer.distribute.horizontally	Horizontally	Layer > Distribute	
layer.distribute.vertically	Vertically	Layer > Distribute	
layer.linkLayers	Link Layers	Layer	
layer.mergeLayers	Merge Layers	Layer	Cmd+E
layer.new.groupFromLayers	Group from Layers…	Layer > New	
layer.arrange.reverse	Reverse	Layer > Arrange	
layer.lockLayers	Lock Layers…	Layer	
layer.renameLayer	Rename Layer	Layer	
prefs.get	Get Preferences		
prefs.set	Set Preferences		
prefs.reset	Reset Preferences		
edit.preferences.general	General…	Edit > Preferences	
edit.preferences.interface	Interface…	Edit > Preferences	
edit.preferences.workspace	Workspace…	Edit > Preferences	
edit.preferences.tools	Tools…	Edit > Preferences	
edit.preferences.historyLog	History Log…	Edit > Preferences	
edit.preferences.fileHandling	File Handling…	Edit > Preferences	
edit.preferences.export	Export…	Edit > Preferences	
edit.preferences.performance	Performance…	Edit > Preferences	
edit.preferences.scratchDisks	Scratch Disks…	Edit > Preferences	
edit.preferences.cursors	Cursors…	Edit > Preferences	
edit.preferences.transparencyAndGamut	Transparency & Gamut…	Edit > Preferences	
edit.preferences.unitsAndRulers	Units & Rulers…	Edit > Preferences	
edit.preferences.guidesGridAndSlices	Guides, Grid & Slices…	Edit > Preferences	
edit.preferences.plugIns	Plug-ins…	Edit > Preferences	
edit.preferences.type	Type…	Edit > Preferences	
edit.preferences.enhancedControls	Enhanced Controls…	Edit > Preferences	
edit.preferences.rawDefaults	Camera Raw…	Edit > Preferences	
edit.preferences.integrations	Integrations…	Edit > Preferences	
edit.keyboardShortcuts	Keyboard Shortcuts…	Edit	Cmd+Alt+Shift+K
edit.menus	Menus…	Edit	Cmd+Alt+Shift+M
edit.toolbar	Toolbar…	Edit	
edit.fade	Fade…	Edit	Cmd+Shift+F
edit.purge.undo	Undo	Edit > Purge	
edit.purge.clipboard	Clipboard	Edit > Purge	
edit.purge.histories	Histories	Edit > Purge	
edit.purge.videoCache	Video Cache	Edit > Purge	
edit.purge.all	All	Edit > Purge	
edit.contentAwareFill	Content-Aware Fill…	Edit	
edit.contentAwareScale	Content-Aware Scale	Edit	Cmd+Alt+Shift+C
edit.defineBrushPreset	Define Brush Preset…	Edit	
edit.defineCustomShape	Define Custom Shape…	Edit	
edit.findAndReplaceText	Find and Replace Text…	Edit	
edit.presets.presetManager	Preset Manager…	Edit > Presets	
edit.presets.exportImportPresets	Export/Import Presets…	Edit > Presets	
edit.autoAlignLayers	Auto-Align Layers…	Edit	
edit.autoBlendLayers	Auto-Blend Layers…	Edit	
file.automate.photomerge	Photomerge…	File > Automate	
file.automate.mergeToHdrPro	Merge to HDR Pro…	File > Automate	
file.automate.cropAndStraightenPhotos	Crop and Straighten Photos	File > Automate	
filter.lensCorrection	Lens Correction…	Filter	Cmd+Shift+R
filter.adaptiveWideAngle	Adaptive Wide Angle…	Filter	Cmd+Alt+Shift+A
filter.cameraRaw	Camera Raw Filter…	Filter	
file.automate.lensCorrection	Lens Correction…	File > Automate	
filter.vanishingPoint	Vanishing Point…	Filter	Cmd+Alt+V
select.saveSelection	Save Selection…	Select	
select.loadSelection	Load Selection…	Select	
select.editInQuickMaskMode	Edit in Quick Mask Mode	Select	Q
image.applyImage	Apply Image…	Image	
image.calculations	Calculations…	Image	
channel.new	New Channel…		
channel.newSpot	New Spot Channel…		
channel.duplicate	Duplicate Channel…		
channel.delete	Delete Channel		
channel.rename	Rename Channel		
channel.move	Reorder Channel		
channel.target	Target Channel		
channel.setVisible	Channel Visibility		
channel.options	Channel Options…		
channel.mergeSpot	Merge Spot Channel		
channel.split	Split Channels		
channel.merge	Merge Channels…		
channel.list	Channels		
channel.target.composite	Target Composite Channel		Cmd+2
channel.target.slot3	Target Channel 3		Cmd+3
channel.target.slot4	Target Channel 4		Cmd+4
channel.target.slot5	Target Channel 5		Cmd+5
channel.target.slot6	Target Channel 6		Cmd+6
channel.target.slot7	Target Channel 7		Cmd+7
channel.target.slot8	Target Channel 8		Cmd+8
channel.target.slot9	Target Channel 9		Cmd+9
image.adjustments.shadowsHighlights	Shadows/Highlights…	Image > Adjustments	
image.adjustments.replaceColor	Replace Color…	Image > Adjustments	
image.adjustments.matchColor	Match Color…	Image > Adjustments	
image.adjustments.hdrToning	HDR Toning…	Image > Adjustments	
image.adjustments.colorLookup.list	List Color Lookup Looks		
layer.layerMask.apply	Apply	Layer > Layer Mask	
layer.layerMask.fromTransparency	From Transparency	Layer > Layer Mask	
layer.layerMask.hideSelection	Hide Selection	Layer > Layer Mask	
layer.maskAllObjects	Mask All Objects	Layer	
layer.matting.defringe	Defringe…	Layer > Matting	
layer.matting.removeBlackMatte	Remove Black Matte	Layer > Matting	
layer.matting.removeWhiteMatte	Remove White Matte	Layer > Matting	
layer.matting.colorDecontaminate	Color Decontaminate…	Layer > Matting	
layer.smartObjects.stackMode.entropy	Entropy	Layer > Smart Objects > Stack Mode	
layer.smartObjects.stackMode.kurtosis	Kurtosis	Layer > Smart Objects > Stack Mode	
layer.smartObjects.stackMode.maximum	Maximum	Layer > Smart Objects > Stack Mode	
layer.smartObjects.stackMode.mean	Mean	Layer > Smart Objects > Stack Mode	
layer.smartObjects.stackMode.median	Median	Layer > Smart Objects > Stack Mode	
layer.smartObjects.stackMode.minimum	Minimum	Layer > Smart Objects > Stack Mode	
layer.smartObjects.stackMode.range	Range	Layer > Smart Objects > Stack Mode	
layer.smartObjects.stackMode.skewness	Skewness	Layer > Smart Objects > Stack Mode	
layer.smartObjects.stackMode.standardDeviation	Standard Deviation	Layer > Smart Objects > Stack Mode	
layer.smartObjects.stackMode.summation	Summation	Layer > Smart Objects > Stack Mode	
layer.smartObjects.stackMode.variance	Variance	Layer > Smart Objects > Stack Mode	
layer.smartObjects.stackMode.none	None	Layer > Smart Objects > Stack Mode	
layer.smartObjects.revealInFinder	Reveal in Finder	Layer > Smart Objects	
layer.layerStyle.blendingOptions	Blending Options…	Layer > Layer Style	
layer.layerStyle.globalLight	Global Light…	Layer > Layer Style	
layer.layerStyle.createLayer	Create Layer	Layer > Layer Style	
layer.layerStyle.scaleEffects	Scale Effects…	Layer > Layer Style	
layer.layerContentOptions	Layer Content Options…	Layer	
layer.quickExportAsPng	Quick Export as PNG	Layer	
layer.exportAs	Export As…	Layer	
image.rotation.arbitrary	Arbitrary…	Image > Image Rotation	
image.mode.indexedColor	Indexed Color…	Image > Mode	
image.mode.colorTable	Color Table…	Image > Mode	
image.mode.bitmap	Bitmap…	Image > Mode	
image.mode.duotone	Duotone…	Image > Mode	
image.mode.multichannel	Multichannel	Image > Mode	
edit.definePattern	Define Pattern…	Edit	
pattern.list	Patterns		
pattern.rename	Rename Pattern		
pattern.delete	Delete Pattern		
pattern.import	Import Patterns…		
pattern.export	Export Patterns…		
layer.newFillLayer.pattern	Pattern…	Layer > New Fill Layer	
brush.texturePattern	Brush Texture Pattern		
edit.transform.warp	Warp	Edit > Transform	
layer.smartObjects.warp	Warp	Layer > Smart Objects	
edit.transform.splitWarpCrosswise	Split Warp Crosswise	Edit > Transform	
edit.transform.splitWarpHorizontally	Split Warp Horizontally	Edit > Transform	
edit.transform.splitWarpVertically	Split Warp Vertically	Edit > Transform	
edit.transform.removeWarpSplit	Remove Warp Split	Edit > Transform	
layerComp.new	New Layer Comp…		
layerComp.update	Update Layer Comp		
layerComp.apply	Apply Layer Comp		
layerComp.previous	Apply Previous Layer Comp		
layerComp.next	Apply Next Layer Comp		
layerComp.delete	Delete Layer Comp		
layerComp.duplicate	Duplicate Layer Comp		
layerComp.rename	Rename Layer Comp		
layerComp.setComment	Layer Comp Comment		
layerComp.setOptions	Layer Comp Options…		
layerComp.restoreLastDocumentState	Restore Last Document State		
layerComp.updateWarnings	Layer Comp Warnings		
layerComp.list	List Layer Comps		
file.export.layerCompsToFiles	Layer Comps to Files…	File > Export	
layer.new.artboard	Artboard…	Layer > New	
layer.new.artboardFromGroup	Artboard from Group…	Layer > New	
layer.new.artboardFromLayers	Artboard from Layers…	Layer > New	
layer.artboard.set	Edit Artboard		
view.clearSelectedArtboardGuides	Clear Selected Artboard Guides	View	
file.export.artboardsToFiles	Artboards to Files…	File > Export	
file.export.artboardsToPdf	Artboards to PDF…	File > Export	
filter.liquify	Liquify…	Filter	Cmd+Shift+X
edit.puppetWarp	Puppet Warp	Edit	
layer.smartObjects.puppetWarp	Puppet Warp	Layer > Smart Objects	
edit.perspectiveWarp	Perspective Warp	Edit	
layer.smartObjects.perspectiveWarp	Perspective Warp	Layer > Smart Objects	
image.analysis.setMeasurementScale	Set Measurement Scale…	Image > Analysis	
image.analysis.selectDataPoints	Select Data Points…	Image > Analysis	
image.analysis.recordMeasurements	Record Measurements	Image > Analysis	
image.analysis.rulerTool	Ruler Tool	Image > Analysis	
image.analysis.countTool	Count Tool	Image > Analysis	
image.analysis.placeScaleMarker	Place Scale Marker…	Image > Analysis	
image.analysis.straightenLayer	Straighten Layer		
image.analysis.info	Analysis Info		
count.add	Add Count		
count.remove	Remove Count		
count.move	Move Count		
count.clear	Clear Count		
count.newGroup	New Count Group		
count.deleteGroup	Delete Count Group		
count.setGroup	Count Group Options		
measurementLog.list	Measurement Log		
measurementLog.delete	Delete Measurements		
measurementLog.export	Export Measurements…		
notes.add	New Note		
notes.set	Edit Note		
notes.delete	Delete Note		
notes.list	Notes		
file.import.notes	Notes…	File > Import	
view.proofSetup.workingCyanPlate	Working Cyan Plate	View > Proof Setup	
view.proofSetup.workingMagentaPlate	Working Magenta Plate	View > Proof Setup	
view.proofSetup.workingYellowPlate	Working Yellow Plate	View > Proof Setup	
view.proofSetup.workingBlackPlate	Working Black Plate	View > Proof Setup	
view.proofSetup.workingCmyPlate	Working CMY Plate	View > Proof Setup	
view.proofSetup.legacyMacintoshRgb	Legacy Macintosh RGB	View > Proof Setup	
view.proofSetup.colorBlindnessProtanopia	Color Blindness — Protanopia-type	View > Proof Setup	
view.proofSetup.colorBlindnessDeuteranopia	Color Blindness — Deuteranopia-type	View > Proof Setup	
view.thirtyTwoBitPreviewOptions	32-bit Preview Options…	View	
gradient.presets.list	Gradient Presets		
gradient.presets.select	Select Gradient		
gradient.presets.apply	New Gradient Fill Layer from Preset		
gradient.presets.new	New Gradient Preset		
gradient.presets.edit	Edit Gradient Presets		
gradient.presets.reset	Restore Default Gradients		
pattern.presets.list	Pattern Presets		
pattern.presets.select	Select Pattern		
pattern.presets.apply	New Pattern Fill Layer from Preset		
pattern.presets.new	New Pattern Preset		
pattern.presets.edit	Edit Pattern Presets		
style.presets.list	Style Presets		
style.presets.apply	Apply Style		
style.presets.new	New Style…		
style.presets.edit	Edit Style Presets		
style.presets.reset	Restore Default Styles		
shape.presets.list	Shape Presets		
shape.presets.place	Place Custom Shape		
shape.presets.new	New Shape Preset		
shape.presets.edit	Edit Shape Presets		
shape.presets.reset	Restore Default Shapes		
tool.presets.list	Tool Presets		
tool.presets.new	New Tool Preset…		
tool.presets.select	Select Tool Preset		
tool.presets.edit	Edit Tool Presets		
tool.presets.reset	Reset Tool Presets		
cloneSource.list	Clone Sources		
cloneSource.select	Select Clone Source		
cloneSource.set	Set Clone Source		
cloneSource.resetTransform	Reset Transform		
cloneSource.overlay	Clone Source Overlay		
filter.render.flame	Flame…	Filter > Render	
filter.render.pictureFrame	Picture Frame…	Filter > Render	
filter.render.tree	Tree…	Filter > Render	
slice.new	Slice Tool		
slice.fromGuides	Slices From Guides		
slice.set	Slice Options…		
slice.promote	Promote		
slice.delete	Delete Slice		
slice.divide	Divide Slice…		
slice.list	List Slices		
layer.newLayerBasedSlice	New Layer Based Slice	Layer	
view.lockSlices	Lock Slices	View	
view.clearSlices	Clear Slices	View	
file.export.saveForWebLegacy	Save for Web (Legacy)…	File > Export	Cmd+Alt+Shift+S
file.export.exportPreferences	Export Preferences…	File > Export	
file.export.quickExport	Quick Export		
file.generate.imageAssets	Image Assets	File > Generate	
file.automate.contactSheetII	Contact Sheet II…	File > Automate	
file.automate.createDroplet	Create Droplet…	File > Automate	
file.automate.runDroplet	Run Droplet		
file.scripts.statistics	Statistics…	File > Scripts	
file.scripts.browse	Browse…	File > Scripts	
file.scripts.scriptEventsManager	Script Events Manager…	File > Scripts	
file.print	Print…	File	Cmd+P
file.printOneCopy	Print One Copy	File	Cmd+Alt+Shift+P
file.package	Package…	File	
file.export.pathsToIllustrator	Paths to Illustrator…	File > Export	
layer.pickAt	Auto-Select Layer		
layer.new.frameFromLayers	Frame from Layers	Layer > New	
edit.presets.migratePresets	Migrate Presets	Edit > Presets	
image.trap	Trap…	Image	
timeline.create	Create Video Timeline		
timeline.delete	Delete Timeline		
timeline.setFrame	Go to Frame		
timeline.nextFrame	Next Frame		
timeline.previousFrame	Previous Frame		
timeline.setProps	Timeline Settings		
timeline.info	Timeline Info		
layer.videoLayers.newBlankVideoLayer	New Blank Video Layer	Layer > Video Layers	
layer.videoLayers.insertBlankFrame	Insert Blank Frame	Layer > Video Layers	
layer.videoLayers.duplicateFrame	Duplicate Frame	Layer > Video Layers	
layer.videoLayers.deleteFrame	Delete Frame	Layer > Video Layers	
layer.videoLayers.restoreFrame	Restore Frame	Layer > Video Layers	
layer.videoLayers.restoreAllFrames	Restore All Frames	Layer > Video Layers	
layer.videoLayers.showAlteredVideo	Show Altered Video	Layer > Video Layers	
layer.videoLayers.rasterize	Rasterize	Layer > Video Layers	
layer.rasterize.video	Video	Layer > Rasterize	
layer.videoLayers.newVideoLayerFromFile	New Video Layer from File…	Layer > Video Layers	
layer.videoLayers.replaceFootage	Replace Footage…	Layer > Video Layers	
layer.videoLayers.interpretFootage	Interpret Footage…	Layer > Video Layers	
layer.videoLayers.reloadFrame	Reload Frame	Layer > Video Layers	
file.import.videoFramesToLayers	Video Frames to Layers…	File > Import	
file.export.renderVideo	Render Video…	File > Export	
file.import.wiaSupport	WIA Support…	File > Import	
image.variables.define	Define…	Image > Variables	
image.variables.dataSets	Data Sets…	Image > Variables	
image.applyDataSet	Apply Data Set…	Image	
file.import.variableDataSets	Variable Data Sets…	File > Import	
file.export.dataSetsAsFiles	Data Sets as Files…	File > Export	
variables.list	List Variables		
plugin.list	List Plug-ins		
plugin.install	Install Plug-in…	Filter > Plug-ins	
plugin.remove	Remove Plug-in		
plugin.reload	Reload Plug-ins		
plugin.run	Run Plug-in		
